,GRE Score,TOEFL Score
0,337,118
1,324,107
2,316,104
3,322,110
4,314,103
5,330,115
6,321,109
7,308,101
8,302,102
9,323,108
10,325,106
11,327,111
12,328,112
13,307,109
14,311,104
15,314,105
16,317,107
17,319,106
18,318,110
19,303,102
20,312,107
21,325,114
22,328,116
23,334,119
24,336,119
25,340,120
26,322,109
27,298,98
28,295,93
29,310,99
30,300,97
31,327,103
32,338,118
33,340,114
34,331,112
35,320,110
36,299,106
37,300,105
38,304,105
39,307,108
40,308,110
41,316,105
42,313,107
43,332,117
44,326,113
45,322,110
46,329,114
47,339,119
48,321,110
49,327,111
50,313,98
51,312,100
52,334,116
53,324,112
54,322,110
55,320,103
56,316,102
57,298,99
58,300,99
59,311,104
60,309,100
61,307,101
62,304,105
63,315,107
64,325,111
65,325,112
66,327,114
67,316,107
68,318,109
69,328,115
70,332,118
71,336,112
72,321,111
73,314,108
74,314,106
75,329,114
76,327,112
77,301,99
78,296,95
79,294,93
80,312,105
81,340,120
82,320,110
83,322,115
84,340,115
85,319,103
86,315,106
87,317,107
88,314,108
89,316,109
90,318,106
91,299,97
92,298,98
93,301,97
94,303,99
95,304,100
96,306,100
97,331,120
98,332,119
99,323,113
100,322,107
101,312,105
102,314,106
103,317,104
104,326,112
105,316,110
106,329,111
107,338,117
108,331,116
109,304,103
110,305,108
111,321,109
112,301,107
113,320,110
114,311,105
115,310,106
116,299,102
117,290,104
118,296,99
119,327,104
120,335,117
121,334,119
122,310,106
123,308,108
124,301,106
125,300,100
126,323,113
127,319,112
128,326,112
129,333,118
130,339,114
131,303,105
132,309,105
133,323,112
134,333,113
135,314,109
136,312,103
137,316,100
138,326,116
139,318,109
140,329,110
141,332,118
142,331,115
143,340,120
144,325,112
145,320,113
146,315,105
147,326,114
148,339,116
149,311,106
150,334,114
151,332,116
152,321,112
153,324,105
154,326,108
155,312,109
156,315,105
157,309,104
158,306,106
159,297,100
160,315,103
161,298,99
162,318,109
163,317,105
164,329,111
165,322,110
166,302,102
167,313,102
168,293,97
169,311,99
170,312,101
171,334,117
172,322,110
173,323,113
174,321,111
175,320,111
176,329,119
177,319,110
178,309,108
179,307,102
180,300,104
181,305,107
182,299,100
183,314,110
184,316,106
185,327,113
186,317,107
187,335,118
188,331,115
189,324,112
190,324,111
191,323,110
192,322,114
193,336,118
194,316,109
195,307,107
196,306,105
197,310,106
198,311,104
199,313,107
200,317,103
201,315,110
202,340,120
203,334,120
204,298,105
205,295,99
206,315,99
207,310,102
208,305,106
209,301,104
210,325,108
211,328,110
212,338,120
213,333,119
214,331,117
215,330,116
216,322,112
217,321,109
218,324,110
219,312,104
220,313,103
221,316,110
222,324,113
223,308,109
224,305,105
225,296,99
226,306,110
227,312,110
228,318,112
229,324,111
230,313,104
231,319,106
232,312,107
233,304,100
234,330,113
235,326,111
236,325,112
237,329,114
238,310,104
239,299,100
240,296,101
241,317,103
242,324,115
243,325,114
244,314,107
245,328,110
246,316,105
247,311,104
248,324,110
249,321,111
250,320,104
251,316,99
252,318,100
253,335,115
254,321,114
255,307,110
256,309,99
257,324,100
258,326,102
259,331,119
260,327,108
261,312,104
262,308,103
263,324,111
264,325,110
265,313,102
266,312,105
267,314,107
268,327,113
269,308,108
270,306,105
271,299,96
272,294,95
273,312,99
274,315,100
275,322,110
276,329,113
277,320,101
278,308,103
279,304,102
280,311,102
281,317,110
282,312,106
283,321,111
284,340,112
285,331,116
286,336,118
287,324,114
288,314,104
289,313,109
290,307,105
291,300,102
292,302,99
293,312,98
294,316,101
295,317,100
296,310,107
297,320,120
298,330,114
299,305,112
300,309,106
301,319,108
302,322,105
303,323,107
304,313,106
305,321,109
306,323,110
307,325,112
308,312,108
309,308,110
310,320,104
311,328,108
312,311,107
313,301,100
314,305,105
315,308,104
316,298,101
317,300,99
318,324,111
319,327,113
320,317,106
321,323,104
322,314,107
323,305,102
324,315,104
325,326,116
326,299,100
327,295,101
328,324,112
329,297,96
330,327,113
331,311,105
332,308,106
333,319,108
334,312,107
335,325,111
336,319,110
337,332,118
338,323,108
339,324,107
340,312,107
341,326,110
342,308,106
343,305,103
344,295,96
345,316,98
346,304,97
347,299,94
348,302,99
349,313,101
350,318,107
351,325,110
352,303,100
353,300,102
354,297,98
355,317,106
356,327,109
357,301,104
358,314,105
359,321,107
360,322,110
361,334,116
362,338,115
363,306,103
364,313,102
365,330,114
366,320,104
367,311,98
368,298,92
369,301,98
370,310,103
371,324,110
372,336,119
373,321,109
374,315,105
375,304,101
376,297,96
377,290,100
378,303,98
379,311,99
380,322,104
381,319,105
382,324,110
383,300,100
384,340,113
385,335,117
386,302,101
387,307,105
388,296,97
389,320,108
390,314,102
391,318,106
392,326,112
393,317,104
394,329,111
395,324,110
396,325,107
397,330,116
398,312,103
399,333,117
400,304,100
401,315,105
402,324,109
403,330,116
404,311,101
405,302,99
406,322,103
407,298,100
408,297,101
409,300,98
410,301,96
411,313,94
412,314,102
413,317,101
414,321,110
415,327,106
416,315,104
417,316,103
418,309,111
419,308,102
420,299,100
421,321,112
422,322,112
423,334,119
424,325,114
425,323,111
426,312,106
427,310,101
428,316,103
429,340,115
430,311,104
431,320,112
432,324,112
433,316,111
434,306,103
435,309,105
436,310,110
437,317,106
438,318,110
439,312,105
440,305,104
441,332,112
442,331,116
443,321,114
444,324,113
445,328,116
446,327,118
447,320,108
448,312,109
449,315,101
450,320,112
451,324,113
452,328,116
453,319,103
454,310,105
455,305,102
456,299,100
457,295,99
458,312,100
459,329,113
460,319,105
461,301,102
462,307,105
463,304,107
464,298,97
465,305,96
466,314,99
467,318,101
468,323,110
469,326,114
470,320,110
471,311,103
472,327,116
473,316,102
474,308,105
475,300,101
476,304,104
477,309,105
478,318,103
479,325,110
480,321,102
481,323,107
482,328,113
483,304,103
484,317,106
485,311,101
486,319,102
487,327,115
488,322,112
489,302,110
490,307,105
491,297,99
492,298,101
493,300,95
494,301,99
495,332,108
496,337,117
497,330,120
498,312,103
499,327,113
